{
    "name": "Testing_Babbage",
    "generation_total_number": 6,
    "phase_number": 2,
    "parameter_number": 14,
    "parameter_to_fit": [
        2,
        3,
        4,
        5,
        6,
        8,
        9,
        10,
        11,
        12,
        13
    ],
    "parameter_limits": [
        [
            -9.938529968261719,
            -9.938529968261719
        ],
        [
            -4.58050012588501,
            -4.58050012588501
        ],
        [
            0.0,
            24.898821592330933
        ],
        [
            -0.3923957645893097,
            0.979123443365097
        ],
        [
            146.4058380126953,
            283.5049133300781
        ],
        [
            -67.00068473815918,
            76.37662696838379
        ],
        [
            0.30287885665893555,
            0.7971159219741821
        ],
        [
            18.178529739379883,
            65.98039245605469
        ],
        [
            2.3761796951293945,
            18.574907302856445
        ],
        [
            3.3420610427856445,
            33.7622184753418
        ],
        [
            0.0,
            180.0
        ],
        [
            0.0,
            180.0
        ],
        [
            -89.0,
            89.0
        ],
        [
            -89.00000381469727,
            89.0
        ]
    ],
    "parameter_fixed_values": [
        -9.938529968261719,
        -4.58050012588501,
        3.2737700939178467,
        0.2912585437297821,
        258.48944091796875,
        -23.275182723999023,
        0.4857964813709259,
        48.02430725097656,
        9.125129699707031,
        17.649972915649414,
        129.69229125976562,
        36.8125,
        -41.784698486328125,
        51.42856979370117
    ],
    "population_size": 4,
    "phase_parameter_to_fit": [
        [
            4,
            5,
            10,
            11,
            12,
            13
        ],
        [
            2,
            3,
            6,
            8,
            9
        ]
    ],
    "population_initialization_method": 1,
    "population_sample_size": 4,
    "parameter_psi": [
        1,
        1
    ],
    "covariance_mix_matrix": true,
    "covariance_mix_amplitude": [
        0.3333333333333333,
        3.0
    ],
    "covariance_scale": 0.05,
    "covariance_mix_probability": [
        0.3333333333333333,
        0.3333333333333333,
        0.3333333333333333
    ],
    "population_keep": 3,
    "population_reseed_ratio": 0.125,
    "covariance_burn": 2.0
}