{"limits": {"sec_vec_1": {"min": -9.938529968261719, "max": -9.938529968261719}, "sec_vec_2": {"min": -4.58050012588501, "max": -4.58050012588501}, "sec_vec_3": {"min": 0.0, "max": 24.898821592330933}, "sec_vec_4": {"min": -0.3923957645893097, "max": 0.979123443365097}, "sec_vec_5": {"min": 146.4058380126953, "max": 283.5049133300781}, "sec_vec_6": {"min": -67.00068473815918, "max": 76.37662696838379}, "mass_1": {"min": 0.30287885665893555, "max": 0.7971159219741821}, "mass_2": {"min": 18.178529739379883, "max": 65.98039245605469}, "rout_1": {"min": 2.3761796951293945, "max": 18.574907302856445}, "rout_2": {"min": 3.3420610427856445, "max": 33.7622184753418}, "phi_1": {"min": 0.0, "max": 180.0}, "phi_2": {"min": 0.0, "max": 180.0}, "theta_1": {"min": -89.0, "max": 89.0}, "theta_2": {"min": -89.00000381469727, "max": 89.0}}}